-- MySQL dump 10.13  Distrib 5.5.46, for debian-linux-gnu (i686)
--
-- Host: localhost    Database: sciternet
-- ------------------------------------------------------
-- Server version	5.5.46-0ubuntu0.14.04.2

/*!40101 SET @OLD_CHARACTER_SET_CLIENT=@@CHARACTER_SET_CLIENT */;
/*!40101 SET @OLD_CHARACTER_SET_RESULTS=@@CHARACTER_SET_RESULTS */;
/*!40101 SET @OLD_COLLATION_CONNECTION=@@COLLATION_CONNECTION */;
/*!40101 SET NAMES utf8 */;
/*!40103 SET @OLD_TIME_ZONE=@@TIME_ZONE */;
/*!40103 SET TIME_ZONE='+00:00' */;
/*!40014 SET @OLD_UNIQUE_CHECKS=@@UNIQUE_CHECKS, UNIQUE_CHECKS=0 */;
/*!40014 SET @OLD_FOREIGN_KEY_CHECKS=@@FOREIGN_KEY_CHECKS, FOREIGN_KEY_CHECKS=0 */;
/*!40101 SET @OLD_SQL_MODE=@@SQL_MODE, SQL_MODE='NO_AUTO_VALUE_ON_ZERO' */;
/*!40111 SET @OLD_SQL_NOTES=@@SQL_NOTES, SQL_NOTES=0 */;

--
-- Table structure for table `invoice_history`
--

DROP TABLE IF EXISTS `invoice_history`;
/*!40101 SET @saved_cs_client     = @@character_set_client */;
/*!40101 SET character_set_client = utf8 */;
CREATE TABLE `invoice_history` (
  `invoice_id` int(11) NOT NULL AUTO_INCREMENT,
  `user_id` int(11) NOT NULL,
  `invoice_date` int(11) DEFAULT NULL,
  `payment_amount` int(11) DEFAULT '0',
  `payment_gateway` char(100) DEFAULT NULL,
  `payment_trace` varchar(255) DEFAULT NULL,
  `contract_type` varchar(20) DEFAULT NULL,
  `contract_amount` int(11) DEFAULT NULL,
  `promote_user` int(11) DEFAULT NULL,
  `promote_code` varchar(40) DEFAULT NULL,
  PRIMARY KEY (`invoice_id`)
) ENGINE=InnoDB DEFAULT CHARSET=utf8;
/*!40101 SET character_set_client = @saved_cs_client */;

--
-- Dumping data for table `invoice_history`
--

LOCK TABLES `invoice_history` WRITE;
/*!40000 ALTER TABLE `invoice_history` DISABLE KEYS */;
/*!40000 ALTER TABLE `invoice_history` ENABLE KEYS */;
UNLOCK TABLES;

--
-- Table structure for table `paging_action`
--

DROP TABLE IF EXISTS `paging_action`;
/*!40101 SET @saved_cs_client     = @@character_set_client */;
/*!40101 SET character_set_client = utf8 */;
CREATE TABLE `paging_action` (
  `paging_id` int(10) unsigned NOT NULL AUTO_INCREMENT,
  `subserver_ip` varchar(15) NOT NULL,
  `action` varchar(45) NOT NULL,
  PRIMARY KEY (`paging_id`)
) ENGINE=InnoDB DEFAULT CHARSET=utf8;
/*!40101 SET character_set_client = @saved_cs_client */;

--
-- Dumping data for table `paging_action`
--

LOCK TABLES `paging_action` WRITE;
/*!40000 ALTER TABLE `paging_action` DISABLE KEYS */;
/*!40000 ALTER TABLE `paging_action` ENABLE KEYS */;
UNLOCK TABLES;

--
-- Table structure for table `proxy_router_list`
--

DROP TABLE IF EXISTS `proxy_router_list`;
/*!40101 SET @saved_cs_client     = @@character_set_client */;
/*!40101 SET character_set_client = utf8 */;
CREATE TABLE `proxy_router_list` (
  `router_ip` varchar(15) NOT NULL,
  `expire_date` int(11) DEFAULT '-1',
  `credit_datavol_gb` int(11) DEFAULT NULL,
  `credit_throughput_mbps` int(11) DEFAULT NULL,
  `consumed_datavol_gb` double DEFAULT NULL,
  `backend_url` varchar(255) DEFAULT NULL,
  `server_type` varchar(20) DEFAULT 'shared',
  `cypher_method` varchar(45) DEFAULT 'rc4-md5',
  `allocated_user_id` int(11) DEFAULT NULL,
  PRIMARY KEY (`router_ip`)
) ENGINE=InnoDB DEFAULT CHARSET=utf8;
/*!40101 SET character_set_client = @saved_cs_client */;

--
-- Dumping data for table `proxy_router_list`
--

LOCK TABLES `proxy_router_list` WRITE;
/*!40000 ALTER TABLE `proxy_router_list` DISABLE KEYS */;
INSERT INTO `proxy_router_list` VALUES ('104.129.0.95',736297,250,-1,0,'https://www.alpharacks.com/myrack/clientarea.php','dedicated','rc4-md5',6),('204.44.94.126',736311,2969600,-1,0,'https://www.alpharacks.com/myrack/clientarea.php','shared','rc4-md5',NULL),('75.75.242.42',736324,2969600,-1,0,'https://virmach.com/manage/','shared','rc4-md5',NULL);
/*!40000 ALTER TABLE `proxy_router_list` ENABLE KEYS */;
UNLOCK TABLES;

--
-- Table structure for table `router_dns`
--

DROP TABLE IF EXISTS `router_dns`;
/*!40101 SET @saved_cs_client     = @@character_set_client */;
/*!40101 SET character_set_client = utf8 */;
CREATE TABLE `router_dns` (
  `user_id` int(11) NOT NULL,
  `router_ip` char(15) DEFAULT NULL,
  `port` int(11) DEFAULT NULL,
  `client_mac` varchar(17) DEFAULT NULL,
  `alloc_type` varchar(10) DEFAULT 'DYNAMIC',
  KEY `router_ip` (`router_ip`,`port`)
) ENGINE=InnoDB DEFAULT CHARSET=utf8;
/*!40101 SET character_set_client = @saved_cs_client */;

--
-- Dumping data for table `router_dns`
--

LOCK TABLES `router_dns` WRITE;
/*!40000 ALTER TABLE `router_dns` DISABLE KEYS */;
INSERT INTO `router_dns` VALUES (7,'75.75.242.42',8388,NULL,'STATIC'),(3,'75.75.242.42',8389,NULL,'STATIC'),(6,'104.129.0.95',8387,NULL,'STATIC'),(8,'204.44.94.126',8390,'fakeMAC','STATIC'),(3,'204.44.94.126',9000,'A42B8C192C13','DYNAMIC');
/*!40000 ALTER TABLE `router_dns` ENABLE KEYS */;
UNLOCK TABLES;

--
-- Table structure for table `usage_trace`
--

DROP TABLE IF EXISTS `usage_trace`;
/*!40101 SET @saved_cs_client     = @@character_set_client */;
/*!40101 SET character_set_client = utf8 */;
CREATE TABLE `usage_trace` (
  `user_id` int(11) NOT NULL,
  `audit_date` int(11) NOT NULL,
  `usage_gb` int(11) NOT NULL DEFAULT '0',
  `usage_mb` double NOT NULL DEFAULT '0',
  `usage_raw` varchar(20) DEFAULT '0',
  `assigned_server` char(15) NOT NULL,
  UNIQUE KEY `audit_record` (`user_id`,`audit_date`,`assigned_server`)
) ENGINE=InnoDB DEFAULT CHARSET=utf8;
/*!40101 SET character_set_client = @saved_cs_client */;

--
-- Dumping data for table `usage_trace`
--

LOCK TABLES `usage_trace` WRITE;
/*!40000 ALTER TABLE `usage_trace` DISABLE KEYS */;
INSERT INTO `usage_trace` VALUES (2,735955,0,0,'0','204.44.94.126'),(2,735956,0,0,'0','204.44.94.126'),(2,735957,0,0,'0','204.44.94.126'),(2,735958,0,0,'0','204.44.94.126'),(2,735959,0,0,'0','204.44.94.126'),(2,735960,0,0,'0','204.44.94.126'),(2,735961,0,0,'0','204.44.94.126'),(2,735962,0,0,'0','204.44.94.126'),(2,735963,0,0,'0','204.44.94.126'),(2,735964,0,0,'0','204.44.94.126'),(2,735965,0,0,'0','204.44.94.126'),(2,735966,0,0,'0','204.44.94.126'),(2,735967,0,0,'0','204.44.94.126'),(2,735968,0,0,'0','204.44.94.126'),(2,735969,0,0,'0','204.44.94.126'),(2,735970,0,0,'0','204.44.94.126'),(2,735971,0,0,'0','204.44.94.126'),(2,735972,0,0,'0','204.44.94.126'),(2,735973,0,0,'0','204.44.94.126'),(2,735974,0,0,'0','204.44.94.126'),(2,735975,0,0,'0','204.44.94.126'),(2,735976,0,0,'0','204.44.94.126'),(2,735977,0,0,'0','204.44.94.126'),(2,735978,0,0,'0','204.44.94.126'),(2,735979,0,0,'0','204.44.94.126'),(2,735980,0,0,'0','204.44.94.126'),(2,735981,0,0,'0','204.44.94.126'),(2,735982,0,0,'0','204.44.94.126'),(3,735955,0,403.96804523468,'423591197','204.44.94.126'),(3,735956,0,583.854788780212,'612216119','204.44.94.126'),(3,735957,0,35.5950164794922,'649540199','204.44.94.126'),(3,735958,0,426.748830795288,'1097018781','204.44.94.126'),(3,735959,0,363.323762893677,'1477991359','204.44.94.126'),(3,735960,0,113.507228851318,'1597012315','204.44.94.126'),(3,735961,0,115.526775360107,'1718150919','204.44.94.126'),(3,735962,0,73.6672677993774,'1795396648','204.44.94.126'),(3,735963,0,260.73585319519,'2068798006','204.44.94.126'),(3,735964,0,158.910335540771,'2235427570','204.44.94.126'),(3,735965,0,85.902645111084,'0','204.44.94.126'),(3,735966,0,0,'0','204.44.94.126'),(3,735967,0,117.230236053467,'52677368','204.44.94.126'),(3,735968,0,493.070547103882,'321525448','204.44.94.126'),(3,735969,0,565.981301307678,'296344266','204.44.94.126'),(3,735970,0,523.034851074219,'527249612','204.44.94.126'),(3,735971,0,13.247483253479,'0','204.44.94.126'),(3,735972,0,0,'0','204.44.94.126'),(3,735973,0,3.10523223876953,'3256072','204.44.94.126'),(3,735974,0,763.675192832947,'799244894','204.44.94.126'),(3,735975,0,957.605128288269,'889177721','204.44.94.126'),(3,735976,0,182.781244277954,'139425305','204.44.94.126'),(3,735977,0,385.471433639526,'9039945','204.44.94.126'),(3,735978,0,41.6268835067749,'1691114','204.44.94.126'),(3,735979,0,5.71840572357178,'7687297','204.44.94.126'),(3,735980,0,269.810703277588,'17253403','204.44.94.126'),(3,735981,0,101.544220924377,'51457500','204.44.94.126'),(3,735982,0,182.871945381163,'63846858','204.44.94.126'),(3,735983,0,771.300180435171,'808766858','75.75.242.42'),(3,735984,0,66.6139736175568,'878616672','75.75.242.42'),(3,735985,0,284.664786338803,'1177109335','75.75.242.42'),(3,735986,0,35.0770940780636,'0','75.75.242.42'),(3,735987,0,73.8918695449827,'77481241','75.75.242.42'),(3,735988,0,3.85573196411127,'81524269','75.75.242.42'),(3,735989,0,0.292954444885254,'303793','75.75.242.42'),(3,735991,0,0.000513076782226562,'538','75.75.242.42'),(3,735993,0,0,'0','75.75.242.42'),(3,735994,1,865.536350250247,'68445978','75.75.242.42'),(3,735995,0,1.82207775115968,'68719','75.75.242.42'),(3,735996,0,164.505956649781,'99297616','204.44.94.126'),(3,735996,0,7.15621280670167,'5961194','75.75.242.42'),(3,735997,0,12.5346136093139,'0','204.44.94.126'),(3,735997,0,110.547862052918,'2123445','75.75.242.42'),(3,735998,0,6.34501457214353,'883881','204.44.94.126'),(3,735998,0,80.3366718292236,'0','75.75.242.42'),(3,735999,0,0.000513076782226562,'538','204.44.94.126'),(3,735999,0,108.708559036254,'22206','75.75.242.42'),(4,735955,0,1.28589630126953,'1348360','204.44.94.126'),(4,735956,0,1.28589630126953,'1348360','204.44.94.126'),(4,735957,0,0,'1348360','204.44.94.126'),(4,735958,0,0,'1348360','204.44.94.126'),(4,735959,0,0,'1348360','204.44.94.126'),(4,735960,0,0,'1348360','204.44.94.126'),(4,735961,0,0,'1348360','204.44.94.126'),(4,735962,0,0,'1348360','204.44.94.126'),(4,735963,0,0,'1348360','204.44.94.126'),(4,735964,0,0,'1348360','204.44.94.126'),(4,735965,0,0,'0','204.44.94.126'),(4,735966,0,0,'0','204.44.94.126'),(4,735967,0,0,'0','204.44.94.126'),(4,735968,0,0,'0','204.44.94.126'),(4,735969,0,0,'0','204.44.94.126'),(4,735970,0,0,'0','204.44.94.126'),(4,735971,0,0,'0','204.44.94.126'),(4,735972,0,0,'0','204.44.94.126'),(4,735973,0,0,'0','204.44.94.126'),(4,735974,0,0,'0','204.44.94.126'),(4,735975,0,0,'0','204.44.94.126'),(4,735976,0,0,'0','204.44.94.126'),(4,735977,0,0,'0','204.44.94.126'),(4,735978,0,0,'0','204.44.94.126'),(4,735979,0,0,'0','204.44.94.126'),(4,735980,0,0,'0','204.44.94.126'),(4,735981,0,0,'0','204.44.94.126'),(4,735982,0,0,'0','204.44.94.126'),(5,735962,0,157.955767631531,'165628627','75.75.242.42'),(5,735963,0,0,'165628627','75.75.242.42'),(6,735970,0,16.3805265426636,'0','104.129.0.95'),(6,735971,0,0,'0','104.129.0.95'),(6,735972,0,0,'0','104.129.0.95'),(6,735973,0,0,'0','104.129.0.95'),(6,735974,0,0,'0','104.129.0.95'),(6,735975,0,0.0308322906494141,'32330','104.129.0.95'),(6,735976,0,2.73359203338623,'2898709','104.129.0.95'),(6,735977,0,0,'2898709','104.129.0.95'),(6,735978,0,1.82209014892578,'4809309','104.129.0.95'),(6,735979,0,0,'4809309','104.129.0.95'),(6,735980,0,0,'4809309','104.129.0.95'),(6,735981,0,0,'4809309','104.129.0.95'),(6,735982,0,0,'4809309','104.129.0.95'),(6,735983,0,0,'4809309','104.129.0.95'),(6,735984,0,0,'4809309','104.129.0.95'),(6,735985,0,0.027975082397461,'0','104.129.0.95'),(6,735988,0,0,'0','104.129.0.95'),(6,735989,0,0,'0','104.129.0.95'),(7,735974,0,348.308995246887,'365228453','75.75.242.42'),(7,735975,0,57.2227468490601,'425230852','75.75.242.42'),(7,735976,0,41.1248960494995,'468353431','75.75.242.42'),(7,735977,0,6.66518020629883,'475342379','75.75.242.42'),(7,735978,0,7.65557289123535,'483369829','75.75.242.42'),(7,735979,0,0.0210552215576172,'483391907','75.75.242.42'),(7,735980,0,56.6669120788574,'542811471','75.75.242.42'),(7,735981,0,12.9300565719604,'556369618','75.75.242.42'),(7,735982,0,11.2003736495975,'568114061','75.75.242.42'),(7,735983,0,14.0600261688232,'582857067','75.75.242.42'),(7,735984,0,7.18181037902816,'590387741','75.75.242.42'),(7,735985,0,12.9579706191995,'603975158','75.75.242.42'),(7,735986,0,8.99486923217724,'4975521','75.75.242.42'),(7,735987,0,207.454739570622,'222507582','75.75.242.42'),(7,735988,0,164.44933509827,'394945208','75.75.242.42'),(7,735989,0,22.2940330505373,'22697326','75.75.242.42'),(7,735990,0,4.92209148406979,'27820','75.75.242.42'),(7,735991,0,3.37088584899901,'46167','75.75.242.42'),(7,735993,0,6.9629554748535,'249128','75.75.242.42'),(7,735994,0,144.126700401299,'12918','75.75.242.42'),(7,735995,0,7.12371826171875,'163757','75.75.242.42'),(7,735996,0,4.96924591064454,'23373','75.75.242.42'),(7,735997,0,7.66618251800541,'70306','75.75.242.42'),(7,735998,0,12.5060834884641,'56188','75.75.242.42'),(7,735999,0,10.4378643035889,'232500','75.75.242.42'),(8,735988,0,0,'0','75.75.242.42'),(8,735989,0,0,'0','204.44.94.126'),(8,735989,0,0.00040435791015625,'424','75.75.242.42'),(8,735990,0,0.000746726989746093,'261','204.44.94.126');
/*!40000 ALTER TABLE `usage_trace` ENABLE KEYS */;
UNLOCK TABLES;

--
-- Table structure for table `user_info`
--

DROP TABLE IF EXISTS `user_info`;
/*!40101 SET @saved_cs_client     = @@character_set_client */;
/*!40101 SET character_set_client = utf8 */;
CREATE TABLE `user_info` (
  `user_id` int(11) NOT NULL AUTO_INCREMENT,
  `email` varchar(320) NOT NULL,
  `password` varchar(320) NOT NULL,
  `token` varchar(320) NOT NULL,
  `reg_data` int(11) NOT NULL,
  `payment_type` varchar(320) DEFAULT NULL,
  `credit_data_gb` int(11) DEFAULT '0',
  `expire_date` int(11) DEFAULT '-1',
  `server_type` varchar(45) DEFAULT 'shared',
  PRIMARY KEY (`user_id`)
) ENGINE=InnoDB AUTO_INCREMENT=9 DEFAULT CHARSET=utf8;
/*!40101 SET character_set_client = @saved_cs_client */;

--
-- Dumping data for table `user_info`
--

LOCK TABLES `user_info` WRITE;
/*!40000 ALTER TABLE `user_info` DISABLE KEYS */;
INSERT INTO `user_info` VALUES (3,'15802221580@139.com','toshiba','gxxuessme',332342,'period',200,736947,'shared'),(4,'15902261590@139.com','trymewith1234','tryMe',735951,'period',200,736947,'shared'),(6,'bibable@vip.sina.com','yaolan','yaolan',735941,'period',250,736328,'dedicated'),(7,'18608882005@139.com','zhaotao','zhaotao',735973,'period',200,736340,'shared'),(8,'demo@139.com','demo','xxxedw3',735972,'period',1,736100,'shared');
/*!40000 ALTER TABLE `user_info` ENABLE KEYS */;
UNLOCK TABLES;
/*!40103 SET TIME_ZONE=@OLD_TIME_ZONE */;

/*!40101 SET SQL_MODE=@OLD_SQL_MODE */;
/*!40014 SET FOREIGN_KEY_CHECKS=@OLD_FOREIGN_KEY_CHECKS */;
/*!40014 SET UNIQUE_CHECKS=@OLD_UNIQUE_CHECKS */;
/*!40101 SET CHARACTER_SET_CLIENT=@OLD_CHARACTER_SET_CLIENT */;
/*!40101 SET CHARACTER_SET_RESULTS=@OLD_CHARACTER_SET_RESULTS */;
/*!40101 SET COLLATION_CONNECTION=@OLD_COLLATION_CONNECTION */;
/*!40111 SET SQL_NOTES=@OLD_SQL_NOTES */;

-- Dump completed on 2016-02-05 14:24:48
